root	direction	ref_addr	function_entry	function_name
14012eba0	out	14012ec14	140184700	FUN_140184700
14012eba0	out	14012ec2a	14018a340	FUN_14018a340
14012eba0	out	14012ecd6	140332d90	FUN_140332d90
14012eba0	out	14012ed0d	1401307e0	FUN_1401307e0
14012eba0	out	14012ed21	1401307e0	FUN_1401307e0
14012eba0	out	14012ed35	1401307e0	FUN_1401307e0
14012eba0	out	14012ed49	1401307e0	FUN_1401307e0
14012eba0	out	14012ed73	140130be0	FUN_140130be0
14012eba0	out	14012eddc	140323cfc	_malloc_base
14012eba0	out	14012edfc	EXTERNAL:00000061	MessageBoxA
14012eba0	out	14012ef60	140323cfc	_malloc_base
14012eba0	out	14012ef80	EXTERNAL:00000061	MessageBoxA
14012eba0	out	14012f038	140184700	FUN_140184700
14012eba0	out	14012f04b	14018a340	FUN_14018a340
14012eba0	out	14012f05f	1401307e0	FUN_1401307e0
14012eba0	out	14012f073	1401307e0	FUN_1401307e0
14012eba0	out	14012f092	1401307e0	FUN_1401307e0
14012eba0	out	14012f0af	140130be0	FUN_140130be0
14012eba0	out	14012f0cd	14007b710	FUN_14007b710
14012eba0	out	14012f0e2	14007b710	FUN_14007b710
14012eba0	out	14012f102	14007b710	FUN_14007b710
14012eba0	out	14012f117	14007b710	FUN_14007b710
14012eba0	out	14012f12c	14007b710	FUN_14007b710
14012eba0	out	14012f154	14007b710	FUN_14007b710
14012eba0	out	14012f169	14007b710	FUN_14007b710
14012eba0	out	14012f17e	14007b710	FUN_14007b710
14012eba0	out	14012f193	14007b710	FUN_14007b710
14012eba0	out	14012f1c8	1401307e0	FUN_1401307e0
14012eba0	out	14012f1dc	1401307e0	FUN_1401307e0
14012eba0	out	14012f1fb	1401307e0	FUN_1401307e0
14012eba0	out	14012f20f	1401307e0	FUN_1401307e0
14012eba0	out	14012f22c	140130be0	FUN_140130be0
14012eba0	out	14012f24d	14007b710	FUN_14007b710
14012eba0	out	14012f270	14007b710	FUN_14007b710
14012eba0	out	14012f29b	14007b710	FUN_14007b710
14012eba0	out	14012f2c6	14007b710	FUN_14007b710
14012eba0	out	14012f2de	14007b710	FUN_14007b710
14012eba0	out	14012f34e	140323cfc	_malloc_base
14012eba0	out	14012f36e	EXTERNAL:00000061	MessageBoxA
14012eba0	out	14012f47f	1401307e0	FUN_1401307e0
14012eba0	out	14012f493	1401307e0	FUN_1401307e0
14012eba0	out	14012f4a7	1401307e0	FUN_1401307e0
14012eba0	out	14012f4bb	1401307e0	FUN_1401307e0
14012eba0	out	14012f4d8	140130be0	FUN_140130be0
14012eba0	out	14012f4fc	14007b710	FUN_14007b710
14012eba0	out	14012f51c	14007b710	FUN_14007b710
14012eba0	out	14012f534	14007b710	FUN_14007b710
14012eba0	out	14012f55f	14007b710	FUN_14007b710
14012eba0	out	14012f577	14007b710	FUN_14007b710
14012eba0	out	14012f58f	14007b710	FUN_14007b710
14012eba0	out	14012f5ba	14007b710	FUN_14007b710
14012eba0	out	14012f5f4	140079b00	FUN_140079b00
14012eba0	out	14012f61e	14006c420	FUN_14006c420
14012eba0	out	14012f65b	140323cfc	_malloc_base
14012eba0	out	14012f67b	EXTERNAL:00000061	MessageBoxA
14012eba0	out	14012f7e9	140323cfc	_malloc_base
14012eba0	out	14012f80d	EXTERNAL:00000061	MessageBoxA
14012eba0	out	14012f822	1401307e0	FUN_1401307e0
14012eba0	out	14012f836	1401307e0	FUN_1401307e0
14012eba0	out	14012f84a	1401307e0	FUN_1401307e0
14012eba0	out	14012f85b	1401309b0	FUN_1401309b0
14012eba0	out	14012f89d	140332d90	FUN_140332d90
14012eba0	out	14012f8c2	140323cfc	_malloc_base
14012eba0	out	14012f8e2	EXTERNAL:00000061	MessageBoxA
14012eba0	out	14012f97c	1401307e0	FUN_1401307e0
14012eba0	out	14012f990	1401307e0	FUN_1401307e0
14012eba0	out	14012f9a4	1401307e0	FUN_1401307e0
14012eba0	out	14012f9c1	140130be0	FUN_140130be0
14012eba0	out	14012fa0a	14007b710	FUN_14007b710
14012eba0	out	14012fae9	14007b710	FUN_14007b710
14012eba0	out	14012fb1c	140079b00	FUN_140079b00
14012eba0	out	14012fb59	140323cfc	_malloc_base
14012eba0	out	14012fb79	EXTERNAL:00000061	MessageBoxA
14012eba0	out	14012fc3c	1401307e0	FUN_1401307e0
14012eba0	out	14012fc59	140130be0	FUN_140130be0
14012eba0	out	14012fc7d	14007b710	FUN_14007b710
14012eba0	out	14012fcb6	140079b00	FUN_140079b00
14012eba0	out	14012fcbb	14006c420	FUN_14006c420
14012eba0	out	14012fccf	1401307e0	FUN_1401307e0
14012eba0	out	14012fce3	1401307e0	FUN_1401307e0
14012eba0	out	14012fcf7	1401307e0	FUN_1401307e0
14012eba0	out	14012fd14	140130be0	FUN_140130be0
14012eba0	out	14012fd7a	1400ca6d0	FUN_1400ca6d0
14012eba0	out	14012fdbe	14007b710	FUN_14007b710
14012eba0	out	14012fdea	140079b00	FUN_140079b00
14012eba0	out	14012fe2e	140079b00	FUN_140079b00
14012eba0	out	14012fe33	14006c420	FUN_14006c420
14012eba0	out	14012fe70	140323cfc	_malloc_base
14012eba0	out	14012fe90	EXTERNAL:00000061	MessageBoxA
14012eba0	out	14012ffa3	1401307e0	FUN_1401307e0
14012eba0	out	14012ffd3	1401307e0	FUN_1401307e0
14012eba0	out	14012ffe7	1401307e0	FUN_1401307e0
14012eba0	out	14012fffb	1401309b0	FUN_1401309b0
14012eba0	out	14013003d	140332d90	FUN_140332d90
14012eba0	out	140130062	140323cfc	_malloc_base
14012eba0	out	140130082	EXTERNAL:00000061	MessageBoxA
14012eba0	out	14013011c	1401307e0	FUN_1401307e0
14012eba0	out	140130130	1401307e0	FUN_1401307e0
14012eba0	out	140130144	1401307e0	FUN_1401307e0
14012eba0	out	140130158	1401307e0	FUN_1401307e0
14012eba0	out	14013016c	1401307e0	FUN_1401307e0
14012eba0	out	140130180	1401307e0	FUN_1401307e0
14012eba0	out	140130194	1401307e0	FUN_1401307e0
14012eba0	out	1401301a8	1401309b0	FUN_1401309b0
14012eba0	out	1401301ea	140332d90	FUN_140332d90
14012eba0	out	14013020f	140323cfc	_malloc_base
14012eba0	out	14013022f	EXTERNAL:00000061	MessageBoxA
14012eba0	out	1401302c9	1401307e0	FUN_1401307e0
14012eba0	out	140130316	140332d90	FUN_140332d90
14012eba0	out	140130336	1400d3fd0	transition_tile_wipe_out_candidate
14012eba0	out	14013037c	140332d90	FUN_140332d90
14012eba0	out	1401303bc	140184700	FUN_140184700
14012eba0	out	1401303d1	1400f6fb0	FUN_1400f6fb0
14012eba0	out	140130416	14018f230	FUN_14018f230
14012eba0	out	140130447	140184700	FUN_140184700
14012eba0	out	14013045d	14018a340	FUN_14018a340
14012eba0	out	1401304e7	140323ce8	FUN_140323ce8
14012eba0	out	1401305b6	1400c8410	FUN_1400c8410
14012eba0	out	140130621	1400c8410	FUN_1400c8410
14012eba0	out	14013069c	14012e070	FUN_14012e070
14012eba0	out	1401306b1	1400d9b60	FUN_1400d9b60
14012eba0	in	140ea4e84		
14012eba0	in	14054b308		
14012eba0	in	14054b370		
14012eba0	in	1400bdcf9	1400bca30	state_14_replay_demo_gameplay_update_candidate
140118420	out	14011845d	14012e8e0	FUN_14012e8e0
140118420	out	140118488	14007b710	FUN_14007b710
140118420	out	1401184b3	14007b710	FUN_14007b710
140118420	out	1401184de	14007b710	FUN_14007b710
140118420	out	140118509	14007b710	FUN_14007b710
140118420	out	140118534	14007b710	FUN_14007b710
140118420	out	140118617	14007b710	FUN_14007b710
140118420	out	14011863f	14007b710	FUN_14007b710
140118420	out	140118667	14007b710	FUN_14007b710
140118420	out	14011868f	14007b710	FUN_14007b710
140118420	out	140118778	14007b710	FUN_14007b710
140118420	out	140118866	14007b710	FUN_14007b710
140118420	out	140118948	14007b710	FUN_14007b710
140118420	out	140118a2a	14007b710	FUN_14007b710
140118420	out	140118a55	14007b710	FUN_14007b710
140118420	out	140118b43	14007b710	FUN_14007b710
140118420	out	140118c28	14007b710	FUN_14007b710
140118420	out	140118c53	14007b710	FUN_14007b710
140118420	out	140118d8d	14007b710	FUN_14007b710
140118420	out	140118db5	14007b710	FUN_14007b710
140118420	out	140118ea8	14007b710	FUN_14007b710
140118420	out	140118f96	14007b710	FUN_14007b710
140118420	out	140118fbe	14007b710	FUN_14007b710
140118420	out	140118fe9	14007b710	FUN_14007b710
140118420	out	1401190ec	14007b710	FUN_14007b710
140118420	out	1401191da	14007b710	FUN_14007b710
140118420	out	1401192c2	14007b710	FUN_14007b710
140118420	out	1401192ea	14007b710	FUN_14007b710
140118420	out	14011934f	140323cfc	_malloc_base
140118420	out	14011936f	EXTERNAL:00000061	MessageBoxA
140118420	out	140119463	140332d90	FUN_140332d90
140118420	out	1401194a8	140184700	FUN_140184700
140118420	out	1401194d3	140001060	FUN_140001060
140118420	out	1401194f4	140079b00	FUN_140079b00
140118420	out	1401194f9	14006c420	FUN_14006c420
140118420	out	140119519	14018f230	FUN_14018f230
140118420	out	14011954e	140184700	FUN_140184700
140118420	out	140119564	14018a340	FUN_14018a340
140118420	out	1401195fc	140078a00	FUN_140078a00
140118420	in	140ea4a40		
140118420	in	14054acb8		
140118420	in	14054ace0		
140118420	in	1400bdd3f	1400bca30	state_14_replay_demo_gameplay_update_candidate
140119640	out	14011968a	14012e8e0	FUN_14012e8e0
140119640	out	1401196d4	14007b710	FUN_14007b710
140119640	out	1401197bc	14007b710	FUN_14007b710
140119640	out	1401197e4	14007b710	FUN_14007b710
140119640	out	1401198c8	14007b710	FUN_14007b710
140119640	out	1401198f8	14007b710	FUN_14007b710
140119640	out	14011991c	14007b710	FUN_14007b710
140119640	out	1401199fd	14007b710	FUN_14007b710
140119640	out	140119a25	14007b710	FUN_14007b710
140119640	out	140119a4d	14007b710	FUN_14007b710
140119640	out	140119b39	14007b710	FUN_14007b710
140119640	out	140119c1e	14007b710	FUN_14007b710
140119640	out	140119d03	14007b710	FUN_14007b710
140119640	out	140119d2b	14007b710	FUN_14007b710
140119640	out	140119e0d	14007b710	FUN_14007b710
140119640	out	140119eef	14007b710	FUN_14007b710
140119640	out	140119f1a	14007b710	FUN_14007b710
140119640	out	14011a002	14007b710	FUN_14007b710
140119640	out	14011a02d	14007b710	FUN_14007b710
140119640	out	14011a112	14007b710	FUN_14007b710
140119640	out	14011a1f8	14007b710	FUN_14007b710
140119640	out	14011a220	14007b710	FUN_14007b710
140119640	out	14011a248	14007b710	FUN_14007b710
140119640	out	14011a32d	14007b710	FUN_14007b710
140119640	out	14011a358	14007b710	FUN_14007b710
140119640	out	14011a441	14007b710	FUN_14007b710
140119640	out	14011a523	14007b710	FUN_14007b710
140119640	out	14011a54b	14007b710	FUN_14007b710
140119640	out	14011a573	14007b710	FUN_14007b710
140119640	out	14011a658	14007b710	FUN_14007b710
140119640	out	14011a683	14007b710	FUN_14007b710
140119640	out	14011a6ae	14007b710	FUN_14007b710
140119640	out	14011a6d9	14007b710	FUN_14007b710
140119640	out	14011a7bb	14007b710	FUN_14007b710
140119640	out	14011a7e6	14007b710	FUN_14007b710
140119640	out	14011a8f3	14007b710	FUN_14007b710
140119640	out	14011a9d5	14007b710	FUN_14007b710
140119640	out	14011aa28	14007b710	FUN_14007b710
140119640	out	14011aa43	14007b710	FUN_14007b710
140119640	out	14011aa5e	14007b710	FUN_14007b710
140119640	out	14011aa79	14007b710	FUN_14007b710
140119640	out	14011aa94	14007b710	FUN_14007b710
140119640	out	14011aaaf	14007b710	FUN_14007b710
140119640	out	14011ab91	14007b710	FUN_14007b710
140119640	out	14011ac73	14007b710	FUN_14007b710
140119640	out	14011ac9b	14007b710	FUN_14007b710
140119640	out	14011acc3	14007b710	FUN_14007b710
140119640	out	14011acef	14007b710	FUN_14007b710
140119640	out	14011adbb	14007b710	FUN_14007b710
140119640	out	14011ade8	14007b710	FUN_14007b710
140119640	out	14011ae0c	14007b710	FUN_14007b710
140119640	out	14011ae27	14007b710	FUN_14007b710
140119640	out	14011ae42	14007b710	FUN_14007b710
140119640	out	14011af2a	14007b710	FUN_14007b710
140119640	out	14011af55	14007b710	FUN_14007b710
140119640	out	14011b03a	14007b710	FUN_14007b710
140119640	out	14011b062	14007b710	FUN_14007b710
140119640	out	14011b0c5	140323cfc	_malloc_base
140119640	out	14011b0e5	EXTERNAL:00000061	MessageBoxA
140119640	out	14011b1da	140332d90	FUN_140332d90
140119640	out	14011b21f	140184700	FUN_140184700
140119640	out	14011b24d	140001060	FUN_140001060
140119640	out	14011b270	140079b00	FUN_140079b00
140119640	out	14011b275	14006c420	FUN_14006c420
140119640	out	14011b294	14018f230	FUN_14018f230
140119640	out	14011b2c9	140184700	FUN_140184700
140119640	out	14011b2df	14018a340	FUN_14018a340
140119640	out	14011b382	140078a00	FUN_140078a00
140119640	in	140ea4a70		
140119640	in	14054ad04		
140119640	in	14054ad3c		
140119640	in	1400bdd00	1400bca30	state_14_replay_demo_gameplay_update_candidate
14011b3d0	out	14011b411	14012e8e0	FUN_14012e8e0
14011b3d0	out	14011b4ff	14007b710	FUN_14007b710
14011b3d0	out	14011b52a	14007b710	FUN_14007b710
14011b3d0	out	14011b555	14007b710	FUN_14007b710
14011b3d0	out	14011b647	14007b710	FUN_14007b710
14011b3d0	out	14011b672	14007b710	FUN_14007b710
14011b3d0	out	14011b69d	14007b710	FUN_14007b710
14011b3d0	out	14011b6c5	14007b710	FUN_14007b710
14011b3d0	out	14011b748	14007b710	FUN_14007b710
14011b3d0	out	14011b76c	14007b710	FUN_14007b710
14011b3d0	out	14011b854	14007b710	FUN_14007b710
14011b3d0	out	14011b933	14007b710	FUN_14007b710
14011b3d0	out	14011b95e	14007b710	FUN_14007b710
14011b3d0	out	14011ba46	14007b710	FUN_14007b710
14011b3d0	out	14011ba71	14007b710	FUN_14007b710
14011b3d0	out	14011bb6d	14007b710	FUN_14007b710
14011b3d0	out	14011bc53	14007b710	FUN_14007b710
14011b3d0	out	14011bcb8	14007b710	FUN_14007b710
14011b3d0	out	14011bcdc	14007b710	FUN_14007b710
14011b3d0	out	14011bcf7	14007b710	FUN_14007b710
14011b3d0	out	14011bd22	14007b710	FUN_14007b710
14011b3d0	out	14011be07	14007b710	FUN_14007b710
14011b3d0	out	14011beef	14007b710	FUN_14007b710
14011b3d0	out	14011bf1a	14007b710	FUN_14007b710
14011b3d0	out	14011bf45	14007b710	FUN_14007b710
14011b3d0	out	14011bf6d	14007b710	FUN_14007b710
14011b3d0	out	14011c058	14007b710	FUN_14007b710
14011b3d0	out	14011c083	14007b710	FUN_14007b710
14011b3d0	out	14011c169	14007b710	FUN_14007b710
14011b3d0	out	14011c194	14007b710	FUN_14007b710
14011b3d0	out	14011c27d	14007b710	FUN_14007b710
14011b3d0	out	14011c2a8	14007b710	FUN_14007b710
14011b3d0	out	14011c391	14007b710	FUN_14007b710
14011b3d0	out	14011c3bc	14007b710	FUN_14007b710
14011b3d0	out	14011c3e7	14007b710	FUN_14007b710
14011b3d0	out	14011c412	14007b710	FUN_14007b710
14011b3d0	out	14011c43d	14007b710	FUN_14007b710
14011b3d0	out	14011c522	14007b710	FUN_14007b710
14011b3d0	out	14011c54a	14007b710	FUN_14007b710
14011b3d0	out	14011c632	14007b710	FUN_14007b710
14011b3d0	out	14011c6c8	14007b710	FUN_14007b710
14011b3d0	out	14011c6ec	14007b710	FUN_14007b710
14011b3d0	out	14011c707	14007b710	FUN_14007b710
14011b3d0	out	14011c7ed	14007b710	FUN_14007b710
14011b3d0	out	14011c8d2	14007b710	FUN_14007b710
14011b3d0	out	14011c8fd	14007b710	FUN_14007b710
14011b3d0	out	14011c928	14007b710	FUN_14007b710
14011b3d0	out	14011c953	14007b710	FUN_14007b710
14011b3d0	out	14011ca30	14007b710	FUN_14007b710
14011b3d0	out	14011ca58	14007b710	FUN_14007b710
14011b3d0	out	14011ca80	14007b710	FUN_14007b710
14011b3d0	out	14011cae3	140323cfc	_malloc_base
14011b3d0	out	14011cb03	EXTERNAL:00000061	MessageBoxA
14011b3d0	out	14011cbf8	140332d90	FUN_140332d90
14011b3d0	out	14011cc3d	140184700	FUN_140184700
14011b3d0	out	14011cc6b	140001060	FUN_140001060
14011b3d0	out	14011cc8e	140079b00	FUN_140079b00
14011b3d0	out	14011cc93	14006c420	FUN_14006c420
14011b3d0	out	14011ccaa	14018f230	FUN_14018f230
14011b3d0	out	14011ccdf	140184700	FUN_140184700
14011b3d0	out	14011ccf5	14018a340	FUN_14018a340
14011b3d0	out	14011cd98	140078a00	FUN_140078a00
14011b3d0	in	140ea4aac		
14011b3d0	in	14054ad5c		
14011b3d0	in	14054ad94		
14011b3d0	in	1400bdd07	1400bca30	state_14_replay_demo_gameplay_update_candidate
14011cdd0	out	14011ce15	14012e8e0	FUN_14012e8e0
14011cdd0	out	14011cf26	14007b710	FUN_14007b710
14011cdd0	out	14011cf66	14007b710	FUN_14007b710
14011cdd0	out	14011cf8e	14007b710	FUN_14007b710
14011cdd0	out	14011cfce	14007b710	FUN_14007b710
14011cdd0	out	14011cff6	14007b710	FUN_14007b710
14011cdd0	out	14011d036	14007b710	FUN_14007b710
14011cdd0	out	14011d076	14007b710	FUN_14007b710
14011cdd0	out	14011d17b	14007b710	FUN_14007b710
14011cdd0	out	14011d1a3	14007b710	FUN_14007b710
14011cdd0	out	14011d1ce	14007b710	FUN_14007b710
14011cdd0	out	14011d2b5	14007b710	FUN_14007b710
14011cdd0	out	14011d39c	14007b710	FUN_14007b710
14011cdd0	out	14011d3c4	14007b710	FUN_14007b710
14011cdd0	out	14011d3ec	14007b710	FUN_14007b710
14011cdd0	out	14011d417	14007b710	FUN_14007b710
14011cdd0	out	14011d43f	14007b710	FUN_14007b710
14011cdd0	out	14011d467	14007b710	FUN_14007b710
14011cdd0	out	14011d4a7	14007b710	FUN_14007b710
14011cdd0	out	14011d4d2	14007b710	FUN_14007b710
14011cdd0	out	14011d4fd	14007b710	FUN_14007b710
14011cdd0	out	14011d528	14007b710	FUN_14007b710
14011cdd0	out	14011d553	14007b710	FUN_14007b710
14011cdd0	out	14011d65d	14007b710	FUN_14007b710
14011cdd0	out	14011d764	14007b710	FUN_14007b710
14011cdd0	out	14011d849	14007b710	FUN_14007b710
14011cdd0	out	14011d92e	14007b710	FUN_14007b710
14011cdd0	out	14011d956	14007b710	FUN_14007b710
14011cdd0	out	14011d9d5	14007b710	FUN_14007b710
14011cdd0	out	14011d9f0	14007b710	FUN_14007b710
14011cdd0	out	14011da1b	14007b710	FUN_14007b710
14011cdd0	out	14011db00	14007b710	FUN_14007b710
14011cdd0	out	14011dc16	14007b710	FUN_14007b710
14011cdd0	out	14011dc3e	14007b710	FUN_14007b710
14011cdd0	out	14011dc66	14007b710	FUN_14007b710
14011cdd0	out	14011dca6	14007b710	FUN_14007b710
14011cdd0	out	14011dcce	14007b710	FUN_14007b710
14011cdd0	out	14011dd0e	14007b710	FUN_14007b710
14011cdd0	out	14011dd36	14007b710	FUN_14007b710
14011cdd0	out	14011dd76	14007b710	FUN_14007b710
14011cdd0	out	14011ddb6	14007b710	FUN_14007b710
14011cdd0	out	14011ddf6	14007b710	FUN_14007b710
14011cdd0	out	14011de1e	14007b710	FUN_14007b710
14011cdd0	out	14011de36	14007b710	FUN_14007b710
14011cdd0	out	14011de6a	14007b710	FUN_14007b710
14011cdd0	out	14011de9e	14007b710	FUN_14007b710
14011cdd0	out	14011ded2	14007b710	FUN_14007b710
14011cdd0	out	14011df06	14007b710	FUN_14007b710
14011cdd0	out	14011e01a	14007b710	FUN_14007b710
14011cdd0	out	14011e0f6	14007b710	FUN_14007b710
14011cdd0	out	14011e1db	14007b710	FUN_14007b710
14011cdd0	out	14011e2b7	14007b710	FUN_14007b710
14011cdd0	out	14011e39c	14007b710	FUN_14007b710
14011cdd0	out	14011e3c4	14007b710	FUN_14007b710
14011cdd0	out	14011e3ec	14007b710	FUN_14007b710
14011cdd0	out	14011e42e	14007b710	FUN_14007b710
14011cdd0	out	14011e449	14007b710	FUN_14007b710
14011cdd0	out	14011e474	14007b710	FUN_14007b710
14011cdd0	out	14011e556	14007b710	FUN_14007b710
14011cdd0	out	14011e581	14007b710	FUN_14007b710
14011cdd0	out	14011e663	14007b710	FUN_14007b710
14011cdd0	out	14011e68e	14007b710	FUN_14007b710
14011cdd0	out	14011e6b6	14007b710	FUN_14007b710
14011cdd0	out	14011e6f6	14007b710	FUN_14007b710
14011cdd0	out	14011e721	14007b710	FUN_14007b710
14011cdd0	out	14011e761	14007b710	FUN_14007b710
14011cdd0	out	14011e78c	14007b710	FUN_14007b710
14011cdd0	out	14011e7b7	14007b710	FUN_14007b710
14011cdd0	out	14011e8a2	14007b710	FUN_14007b710
14011cdd0	out	14011e8ca	14007b710	FUN_14007b710
14011cdd0	out	14011e9c3	14007b710	FUN_14007b710
14011cdd0	out	14011eace	14007b710	FUN_14007b710
14011cdd0	out	14011eaf6	14007b710	FUN_14007b710
14011cdd0	out	14011eb0e	14007b710	FUN_14007b710
14011cdd0	out	14011eb4e	14007b710	FUN_14007b710
14011cdd0	out	14011eb8e	14007b710	FUN_14007b710
14011cdd0	out	14011ebb6	14007b710	FUN_14007b710
14011cdd0	out	14011ec0f	140323cfc	_malloc_base
14011cdd0	out	14011ec2f	EXTERNAL:00000061	MessageBoxA
14011cdd0	out	14011ed23	140332d90	FUN_140332d90
14011cdd0	out	14011ed68	140184700	FUN_140184700
14011cdd0	out	14011ed96	140001060	FUN_140001060
14011cdd0	out	14011edb9	140079b00	FUN_140079b00
14011cdd0	out	14011edbe	14006c420	FUN_14006c420
14011cdd0	out	14011edd5	14018f230	FUN_14018f230
14011cdd0	out	14011ee0a	140184700	FUN_140184700
14011cdd0	out	14011ee20	14018a340	FUN_14018a340
14011cdd0	out	14011eeb9	140078a00	FUN_140078a00
14011cdd0	in	140ea4ae8		
14011cdd0	in	14054adb8		
14011cdd0	in	14054adc8		
14011cdd0	in	1400bdd0e	1400bca30	state_14_replay_demo_gameplay_update_candidate
14011eef0	out	14011ef2b	14012e8e0	FUN_14012e8e0
14011eef0	out	14011f019	14007b710	FUN_14007b710
14011eef0	out	14011f044	14007b710	FUN_14007b710
14011eef0	out	14011f06c	14007b710	FUN_14007b710
14011eef0	out	14011f157	14007b710	FUN_14007b710
14011eef0	out	14011f182	14007b710	FUN_14007b710
14011eef0	out	14011f1aa	14007b710	FUN_14007b710
14011eef0	out	14011f28a	14007b710	FUN_14007b710
14011eef0	out	14011f2b2	14007b710	FUN_14007b710
14011eef0	out	14011f2dd	14007b710	FUN_14007b710
14011eef0	out	14011f3c2	14007b710	FUN_14007b710
14011eef0	out	14011f4a8	14007b710	FUN_14007b710
14011eef0	out	14011f4d3	14007b710	FUN_14007b710
14011eef0	out	14011f4fe	14007b710	FUN_14007b710
14011eef0	out	14011f5e6	14007b710	FUN_14007b710
14011eef0	out	14011f611	14007b710	FUN_14007b710
14011eef0	out	14011f63c	14007b710	FUN_14007b710
14011eef0	out	14011f667	14007b710	FUN_14007b710
14011eef0	out	14011f692	14007b710	FUN_14007b710
14011eef0	out	14011f6ba	14007b710	FUN_14007b710
14011eef0	out	14011f6e2	14007b710	FUN_14007b710
14011eef0	out	14011f7c8	14007b710	FUN_14007b710
14011eef0	out	14011f7f0	14007b710	FUN_14007b710
14011eef0	out	14011f8d5	14007b710	FUN_14007b710
14011eef0	out	14011f8fd	14007b710	FUN_14007b710
14011eef0	out	14011f928	14007b710	FUN_14007b710
14011eef0	out	14011fa16	14007b710	FUN_14007b710
14011eef0	out	14011fb01	14007b710	FUN_14007b710
14011eef0	out	14011fb2c	14007b710	FUN_14007b710
14011eef0	out	14011fc0f	14007b710	FUN_14007b710
14011eef0	out	14011fc3a	14007b710	FUN_14007b710
14011eef0	out	14011fc65	14007b710	FUN_14007b710
14011eef0	out	14011fc90	14007b710	FUN_14007b710
14011eef0	out	14011fcbb	14007b710	FUN_14007b710
14011eef0	out	14011fda6	14007b710	FUN_14007b710
14011eef0	out	14011fdce	14007b710	FUN_14007b710
14011eef0	out	14011fdf9	14007b710	FUN_14007b710
14011eef0	out	14011fe41	14007b710	FUN_14007b710
14011eef0	out	14011fe5c	14007b710	FUN_14007b710
14011eef0	out	14011fe77	14007b710	FUN_14007b710
14011eef0	out	14011fe9f	14007b710	FUN_14007b710
14011eef0	out	14011ff8d	14007b710	FUN_14007b710
14011eef0	out	140120072	14007b710	FUN_14007b710
14011eef0	out	140120157	14007b710	FUN_14007b710
14011eef0	out	14012017f	14007b710	FUN_14007b710
14011eef0	out	1401201a7	14007b710	FUN_14007b710
14011eef0	out	1401201d2	14007b710	FUN_14007b710
14011eef0	out	1401201fd	14007b710	FUN_14007b710
14011eef0	out	140120228	14007b710	FUN_14007b710
14011eef0	out	140120253	14007b710	FUN_14007b710
14011eef0	out	140120332	14007b710	FUN_14007b710
14011eef0	out	14012035d	14007b710	FUN_14007b710
14011eef0	out	140120439	14007b710	FUN_14007b710
14011eef0	out	140120464	14007b710	FUN_14007b710
14011eef0	out	140120499	14007b710	FUN_14007b710
14011eef0	out	1401205ce	14007b710	FUN_14007b710
14011eef0	out	1401206e2	14007b710	FUN_14007b710
14011eef0	out	1401207ce	14007b710	FUN_14007b710
14011eef0	out	1401207f9	14007b710	FUN_14007b710
14011eef0	out	140120824	14007b710	FUN_14007b710
14011eef0	out	14012084f	14007b710	FUN_14007b710
14011eef0	out	14012087a	14007b710	FUN_14007b710
14011eef0	out	1401208a5	14007b710	FUN_14007b710
14011eef0	out	1401208d0	14007b710	FUN_14007b710
14011eef0	out	1401208fb	14007b710	FUN_14007b710
14011eef0	out	140120916	14007b710	FUN_14007b710
14011eef0	out	140120941	14007b710	FUN_14007b710
14011eef0	out	14012095c	14007b710	FUN_14007b710
14011eef0	out	140120987	14007b710	FUN_14007b710
14011eef0	out	14012099f	14007b710	FUN_14007b710
14011eef0	out	1401209ca	14007b710	FUN_14007b710
14011eef0	out	1401209f5	14007b710	FUN_14007b710
14011eef0	out	140120ada	14007b710	FUN_14007b710
14011eef0	out	140120bc8	14007b710	FUN_14007b710
14011eef0	out	140120bf0	14007b710	FUN_14007b710
14011eef0	out	140120cd5	14007b710	FUN_14007b710
14011eef0	out	140120cfd	14007b710	FUN_14007b710
14011eef0	out	140120d28	14007b710	FUN_14007b710
14011eef0	out	140120d53	14007b710	FUN_14007b710
14011eef0	out	140120d7e	14007b710	FUN_14007b710
14011eef0	out	140120da9	14007b710	FUN_14007b710
14011eef0	out	140120e89	14007b710	FUN_14007b710
14011eef0	out	140120f6c	14007b710	FUN_14007b710
14011eef0	out	140120f94	14007b710	FUN_14007b710
14011eef0	out	140120fbc	14007b710	FUN_14007b710
14011eef0	out	14012109f	14007b710	FUN_14007b710
14011eef0	out	14012118d	14007b710	FUN_14007b710
14011eef0	out	1401211b8	14007b710	FUN_14007b710
14011eef0	out	1401211e3	14007b710	FUN_14007b710
14011eef0	out	14012120b	14007b710	FUN_14007b710
14011eef0	out	1401212f7	14007b710	FUN_14007b710
14011eef0	out	14012131f	14007b710	FUN_14007b710
14011eef0	out	140121378	140323cfc	_malloc_base
14011eef0	out	140121398	EXTERNAL:00000061	MessageBoxA
14011eef0	out	14012148c	140332d90	FUN_140332d90
14011eef0	out	1401214d1	140184700	FUN_140184700
14011eef0	out	1401214ff	140001060	FUN_140001060
14011eef0	out	140121522	140079b00	FUN_140079b00
14011eef0	out	140121527	14006c420	FUN_14006c420
14011eef0	out	140121544	14018f230	FUN_14018f230
14011eef0	out	140121579	140184700	FUN_140184700
14011eef0	out	14012158f	14018a340	FUN_14018a340
14011eef0	out	140121628	140078a00	FUN_140078a00
14011eef0	in	140ea4b0c		
14011eef0	in	14054addc		
14011eef0	in	14054ae04		
14011eef0	in	1400bdd15	1400bca30	state_14_replay_demo_gameplay_update_candidate
140121660	out	1401216b2	14012e8e0	FUN_14012e8e0
140121660	out	1401216dd	14007b710	FUN_14007b710
140121660	out	140121708	14007b710	FUN_14007b710
140121660	out	1401217f3	14007b710	FUN_14007b710
140121660	out	1401218d4	14007b710	FUN_14007b710
140121660	out	1401218ff	14007b710	FUN_14007b710
140121660	out	14012192a	14007b710	FUN_14007b710
140121660	out	140121a19	14007b710	FUN_14007b710
140121660	out	140121b08	14007b710	FUN_14007b710
140121660	out	140121b30	14007b710	FUN_14007b710
140121660	out	140121b5b	14007b710	FUN_14007b710
140121660	out	140121b86	14007b710	FUN_14007b710
140121660	out	140121cd8	14007b710	FUN_14007b710
140121660	out	140121d08	14007b710	FUN_14007b710
140121660	out	140121d38	14007b710	FUN_14007b710
140121660	out	140121d5c	14007b710	FUN_14007b710
140121660	out	140121da9	14007b710	FUN_14007b710
140121660	out	140121df6	14007b710	FUN_14007b710
140121660	out	140121e43	14007b710	FUN_14007b710
140121660	out	140121e90	14007b710	FUN_14007b710
140121660	out	140121edd	14007b710	FUN_14007b710
140121660	out	140121f2a	14007b710	FUN_14007b710
140121660	out	140121f77	14007b710	FUN_14007b710
140121660	out	140121fc4	14007b710	FUN_14007b710
140121660	out	1401220aa	14007b710	FUN_14007b710
140121660	out	1401220d5	14007b710	FUN_14007b710
140121660	out	1401220f0	14007b710	FUN_14007b710
140121660	out	1401221d1	14007b710	FUN_14007b710
140121660	out	1401222bf	14007b710	FUN_14007b710
140121660	out	1401222ea	14007b710	FUN_14007b710
140121660	out	1401223d0	14007b710	FUN_14007b710
140121660	out	1401223fb	14007b710	FUN_14007b710
140121660	out	1401224ea	14007b710	FUN_14007b710
140121660	out	1401225d9	14007b710	FUN_14007b710
140121660	out	140122604	14007b710	FUN_14007b710
140121660	out	14012262f	14007b710	FUN_14007b710
140121660	out	14012265a	14007b710	FUN_14007b710
140121660	out	14012273c	14007b710	FUN_14007b710
140121660	out	14012281e	14007b710	FUN_14007b710
140121660	out	140122903	14007b710	FUN_14007b710
140121660	out	140122966	140078a00	FUN_140078a00
140121660	out	140122a88	14007b710	FUN_14007b710
140121660	out	140122ad4	14007b710	FUN_14007b710
140121660	out	140122aef	14007b710	FUN_14007b710
140121660	out	140122b0a	14007b710	FUN_14007b710
140121660	out	140122b56	14007b710	FUN_14007b710
140121660	out	140122b71	14007b710	FUN_14007b710
140121660	out	140122b8c	14007b710	FUN_14007b710
140121660	out	140122ca8	14007b710	FUN_14007b710
140121660	out	140122cd8	14007b710	FUN_14007b710
140121660	out	140122d08	14007b710	FUN_14007b710
140121660	out	140122d2c	14007b710	FUN_14007b710
140121660	out	140122d47	14007b710	FUN_14007b710
140121660	out	140122d94	14007b710	FUN_14007b710
140121660	out	140122de1	14007b710	FUN_14007b710
140121660	out	140122e0c	14007b710	FUN_14007b710
140121660	out	140122e37	14007b710	FUN_14007b710
140121660	out	140122f19	14007b710	FUN_14007b710
140121660	out	140122ff8	14007b710	FUN_14007b710
140121660	out	140123027	14007b710	FUN_14007b710
140121660	out	140123042	14007b710	FUN_14007b710
140121660	out	14012305d	14007b710	FUN_14007b710
140121660	out	140123078	14007b710	FUN_14007b710
140121660	out	140123093	14007b710	FUN_14007b710
140121660	out	1401230d4	14007b710	FUN_14007b710
140121660	out	1401230ef	14007b710	FUN_14007b710
140121660	out	140123107	14007b710	FUN_14007b710
140121660	out	140123122	14007b710	FUN_14007b710
140121660	out	14012313d	14007b710	FUN_14007b710
140121660	out	140123158	14007b710	FUN_14007b710
140121660	out	140123183	14007b710	FUN_14007b710
140121660	out	1401231ae	14007b710	FUN_14007b710
140121660	out	140123293	14007b710	FUN_14007b710
140121660	out	1401232bb	14007b710	FUN_14007b710
140121660	out	14012331e	140323cfc	_malloc_base
140121660	out	14012333e	EXTERNAL:00000061	MessageBoxA
140121660	out	140123437	140332d90	FUN_140332d90
140121660	out	140123478	140184700	FUN_140184700
140121660	out	1401234a6	140001060	FUN_140001060
140121660	out	1401234c9	140079b00	FUN_140079b00
140121660	out	1401234ce	14006c420	FUN_14006c420
140121660	out	1401234e5	14018f230	FUN_14018f230
140121660	out	140123516	140184700	FUN_140184700
140121660	out	14012352c	14018a340	FUN_14018a340
140121660	out	1401235cf	140078a00	FUN_140078a00
140121660	in	140ea4b3c		
140121660	in	14054ae30		
140121660	in	14054ae68		
140121660	in	1400bdd1c	1400bca30	state_14_replay_demo_gameplay_update_candidate
140123620	out	140123669	14012e8e0	FUN_14012e8e0
140123620	out	1401236db	14007b710	FUN_14007b710
140123620	out	140123706	14007b710	FUN_14007b710
140123620	out	140123731	14007b710	FUN_14007b710
140123620	out	140123812	14007b710	FUN_14007b710
140123620	out	1401238f3	14007b710	FUN_14007b710
140123620	out	140123965	14007b710	FUN_14007b710
140123620	out	140123a4e	14007b710	FUN_14007b710
140123620	out	140123a76	14007b710	FUN_14007b710
140123620	out	140123a9e	14007b710	FUN_14007b710
140123620	out	140123ac6	14007b710	FUN_14007b710
140123620	out	140123b34	14007b710	FUN_14007b710
140123620	out	140123b5f	14007b710	FUN_14007b710
140123620	out	140123b8a	14007b710	FUN_14007b710
140123620	out	140123bb5	14007b710	FUN_14007b710
140123620	out	140123c28	14007b710	FUN_14007b710
140123620	out	140123c53	14007b710	FUN_14007b710
140123620	out	140123c7e	14007b710	FUN_14007b710
140123620	out	140123d69	14007b710	FUN_14007b710
140123620	out	140123d94	14007b710	FUN_14007b710
140123620	out	140123e76	14007b710	FUN_14007b710
140123620	out	140123f5f	14007b710	FUN_14007b710
140123620	out	140124041	14007b710	FUN_14007b710
140123620	out	14012406c	14007b710	FUN_14007b710
140123620	out	140124097	14007b710	FUN_14007b710
140123620	out	1401240c2	14007b710	FUN_14007b710
140123620	out	1401241b0	14007b710	FUN_14007b710
140123620	out	14012421d	140078a00	FUN_140078a00
140123620	out	1401242b8	14007b710	FUN_14007b710
140123620	out	140124304	14007b710	FUN_14007b710
140123620	out	140124350	14007b710	FUN_14007b710
140123620	out	14012439c	14007b710	FUN_14007b710
140123620	out	14012447f	14007b710	FUN_14007b710
140123620	out	1401244a7	14007b710	FUN_14007b710
140123620	out	140124526	14007b710	FUN_14007b710
140123620	out	14012460c	14007b710	FUN_14007b710
140123620	out	140124637	14007b710	FUN_14007b710
140123620	out	14012472a	14007b710	FUN_14007b710
140123620	out	140124798	14007b710	FUN_14007b710
140123620	out	1401247ec	14007b710	FUN_14007b710
140123620	out	1401248cf	14007b710	FUN_14007b710
140123620	out	14012492b	140078a00	FUN_140078a00
140123620	out	1401249d9	140332d90	FUN_140332d90
140123620	out	140124a00	14007b710	FUN_14007b710
140123620	out	140124ae3	14007b710	FUN_14007b710
140123620	out	140124b0e	14007b710	FUN_14007b710
140123620	out	140124b39	14007b710	FUN_14007b710
140123620	out	140124b54	14007b710	FUN_14007b710
140123620	out	140124b7f	14007b710	FUN_14007b710
140123620	out	140124b9a	14007b710	FUN_14007b710
140123620	out	140124bc5	14007b710	FUN_14007b710
140123620	out	140124be0	14007b710	FUN_14007b710
140123620	out	140124c0b	14007b710	FUN_14007b710
140123620	out	140124c26	14007b710	FUN_14007b710
140123620	out	140124d22	14007b710	FUN_14007b710
140123620	out	140124d53	14007b710	FUN_14007b710
140123620	out	140124e65	14007b710	FUN_14007b710
140123620	out	140124e90	14007b710	FUN_14007b710
140123620	out	140124f7d	14007b710	FUN_14007b710
140123620	out	14012505f	14007b710	FUN_14007b710
140123620	out	140125087	14007b710	FUN_14007b710
140123620	out	1401250f2	140323cfc	_malloc_base
140123620	out	140125112	EXTERNAL:00000061	MessageBoxA
140123620	out	14012520b	140332d90	FUN_140332d90
140123620	out	14012524c	140184700	FUN_140184700
140123620	out	14012527a	140001060	FUN_140001060
140123620	out	14012529d	140079b00	FUN_140079b00
140123620	out	1401252a2	14006c420	FUN_14006c420
140123620	out	1401252b9	14018f230	FUN_14018f230
140123620	out	1401252ea	140184700	FUN_140184700
140123620	out	140125300	14018a340	FUN_14018a340
140123620	out	1401253a8	140078a00	FUN_140078a00
140123620	in	140ea4b78		
140123620	in	14054ae88		
140123620	in	14054aed4		
140123620	in	1400bdd23	1400bca30	state_14_replay_demo_gameplay_update_candidate
1401253e0	out	14012543a	14012e8e0	FUN_14012e8e0
1401253e0	out	140125498	14007b710	FUN_14007b710
1401253e0	out	1401254bc	14007b710	FUN_14007b710
1401253e0	out	1401254d7	14007b710	FUN_14007b710
1401253e0	out	140125523	14007b710	FUN_14007b710
1401253e0	out	14012556f	14007b710	FUN_14007b710
1401253e0	out	1401255bb	14007b710	FUN_14007b710
1401253e0	out	140125607	14007b710	FUN_14007b710
1401253e0	out	140125652	14007b710	FUN_14007b710
1401253e0	out	14012566d	14007b710	FUN_14007b710
1401253e0	out	140125688	14007b710	FUN_14007b710
1401253e0	out	1401256d3	14007b710	FUN_14007b710
1401253e0	out	1401256ee	14007b710	FUN_14007b710
1401253e0	out	140125739	14007b710	FUN_14007b710
1401253e0	out	140125754	14007b710	FUN_14007b710
1401253e0	out	1401257c7	14007b710	FUN_14007b710
1401253e0	out	1401257fe	14007b710	FUN_14007b710
1401253e0	out	140125829	14007b710	FUN_14007b710
1401253e0	out	140125975	14007b710	FUN_14007b710
1401253e0	out	140125a6b	14007b710	FUN_14007b710
1401253e0	out	140125b50	14007b710	FUN_14007b710
1401253e0	out	140125b78	14007b710	FUN_14007b710
1401253e0	out	140125ba0	14007b710	FUN_14007b710
1401253e0	out	140125bc8	14007b710	FUN_14007b710
1401253e0	out	140125cb6	14007b710	FUN_14007b710
1401253e0	out	140125da1	14007b710	FUN_14007b710
1401253e0	out	140125e8c	14007b710	FUN_14007b710
1401253e0	out	140125eb7	14007b710	FUN_14007b710
1401253e0	out	140125f9a	14007b710	FUN_14007b710
1401253e0	out	140126080	14007b710	FUN_14007b710
1401253e0	out	1401260ab	14007b710	FUN_14007b710
1401253e0	out	1401260d6	14007b710	FUN_14007b710
1401253e0	out	140126101	14007b710	FUN_14007b710
1401253e0	out	14012612c	14007b710	FUN_14007b710
1401253e0	out	14012620e	14007b710	FUN_14007b710
1401253e0	out	1401262ed	14007b710	FUN_14007b710
1401253e0	out	14012633d	14007b710	FUN_14007b710
1401253e0	out	140126358	14007b710	FUN_14007b710
1401253e0	out	140126373	14007b710	FUN_14007b710
1401253e0	out	14012638e	14007b710	FUN_14007b710
1401253e0	out	1401263a9	14007b710	FUN_14007b710
1401253e0	out	1401263d4	14007b710	FUN_14007b710
1401253e0	out	1401263ef	14007b710	FUN_14007b710
1401253e0	out	140126427	14007b710	FUN_14007b710
1401253e0	out	140126452	14007b710	FUN_14007b710
1401253e0	out	14012647d	14007b710	FUN_14007b710
1401253e0	out	1401264d0	14007b710	FUN_14007b710
1401253e0	out	1401264eb	14007b710	FUN_14007b710
1401253e0	out	140126506	14007b710	FUN_14007b710
1401253e0	out	140126521	14007b710	FUN_14007b710
1401253e0	out	14012653c	14007b710	FUN_14007b710
1401253e0	out	140126567	14007b710	FUN_14007b710
1401253e0	out	140126648	14007b710	FUN_14007b710
1401253e0	out	140126729	14007b710	FUN_14007b710
1401253e0	out	1401267fa	14007b710	FUN_14007b710
1401253e0	out	1401268af	14007b710	FUN_14007b710
1401253e0	out	1401269bc	14007b710	FUN_14007b710
1401253e0	out	1401269e7	14007b710	FUN_14007b710
1401253e0	out	140126a12	14007b710	FUN_14007b710
1401253e0	out	140126a3d	14007b710	FUN_14007b710
1401253e0	out	140126b46	14007b710	FUN_14007b710
1401253e0	out	140126b6e	14007b710	FUN_14007b710
1401253e0	out	140126b99	14007b710	FUN_14007b710
1401253e0	out	140126bc4	14007b710	FUN_14007b710
1401253e0	out	140126bef	14007b710	FUN_14007b710
1401253e0	out	140126cc0	14007b710	FUN_14007b710
1401253e0	out	140126d75	14007b710	FUN_14007b710
1401253e0	out	140126da0	14007b710	FUN_14007b710
1401253e0	out	140126ea8	14007b710	FUN_14007b710
1401253e0	out	140126f80	14007b710	FUN_14007b710
1401253e0	out	14012705f	14007b710	FUN_14007b710
1401253e0	out	14012713e	14007b710	FUN_14007b710
1401253e0	out	140127169	14007b710	FUN_14007b710
1401253e0	out	140127194	14007b710	FUN_14007b710
1401253e0	out	1401271af	14007b710	FUN_14007b710
1401253e0	out	1401272b8	14007b710	FUN_14007b710
1401253e0	out	1401272d5	14007b710	FUN_14007b710
1401253e0	out	1401272f2	14007b710	FUN_14007b710
1401253e0	out	14012731c	14007b710	FUN_14007b710
1401253e0	out	140127339	14007b710	FUN_14007b710
1401253e0	out	140127368	14007b710	FUN_14007b710
1401253e0	out	140127398	14007b710	FUN_14007b710
1401253e0	out	1401273bc	14007b710	FUN_14007b710
1401253e0	out	1401273d7	14007b710	FUN_14007b710
1401253e0	out	1401273f2	14007b710	FUN_14007b710
1401253e0	out	14012740d	14007b710	FUN_14007b710
1401253e0	out	140127428	14007b710	FUN_14007b710
1401253e0	out	140127473	14007b710	FUN_14007b710
1401253e0	out	14012748e	14007b710	FUN_14007b710
1401253e0	out	1401274a9	14007b710	FUN_14007b710
1401253e0	out	1401274f8	14007b710	FUN_14007b710
1401253e0	out	140127513	14007b710	FUN_14007b710
1401253e0	out	14012755f	14007b710	FUN_14007b710
1401253e0	out	140127582	14007b710	FUN_14007b710
1401253e0	out	1401275d2	14007b710	FUN_14007b710
1401253e0	out	140127622	14007b710	FUN_14007b710
1401253e0	out	1401276cb	14007b710	FUN_14007b710
1401253e0	out	14012771c	14007b710	FUN_14007b710
1401253e0	out	140127744	14007b710	FUN_14007b710
1401253e0	out	140127784	14007b710	FUN_14007b710
1401253e0	out	1401277ac	14007b710	FUN_14007b710
1401253e0	out	1401277d4	14007b710	FUN_14007b710
1401253e0	out	140127814	14007b710	FUN_14007b710
1401253e0	out	140127854	14007b710	FUN_14007b710
1401253e0	out	140127894	14007b710	FUN_14007b710
1401253e0	out	1401278d4	14007b710	FUN_14007b710
1401253e0	out	140127914	14007b710	FUN_14007b710
1401253e0	out	14012793f	14007b710	FUN_14007b710
1401253e0	out	14012796a	14007b710	FUN_14007b710
1401253e0	out	140127995	14007b710	FUN_14007b710
1401253e0	out	1401279c0	14007b710	FUN_14007b710
1401253e0	out	140127aac	14007b710	FUN_14007b710
1401253e0	out	140127ba5	14007b710	FUN_14007b710
1401253e0	out	140127c0d	14007b710	FUN_14007b710
1401253e0	out	140127cf8	14007b710	FUN_14007b710
1401253e0	out	140127d6d	14007b710	FUN_14007b710
1401253e0	out	140127db9	14007b710	FUN_14007b710
1401253e0	out	140127e32	14007b710	FUN_14007b710
1401253e0	out	140127e7f	14007b710	FUN_14007b710
1401253e0	out	140127eb2	14007b710	FUN_14007b710
1401253e0	out	140127edd	14007b710	FUN_14007b710
1401253e0	out	140127f08	14007b710	FUN_14007b710
1401253e0	out	140127f33	14007b710	FUN_14007b710
1401253e0	out	140127f5e	14007b710	FUN_14007b710
1401253e0	out	140127f9e	14007b710	FUN_14007b710
1401253e0	out	140127fc6	14007b710	FUN_14007b710
1401253e0	out	140128006	14007b710	FUN_14007b710
1401253e0	out	14012802e	14007b710	FUN_14007b710
1401253e0	out	140128059	14007b710	FUN_14007b710
1401253e0	out	140128074	14007b710	FUN_14007b710
1401253e0	out	14012808f	14007b710	FUN_14007b710
1401253e0	out	1401280aa	14007b710	FUN_14007b710
1401253e0	out	1401280d5	14007b710	FUN_14007b710
1401253e0	out	1401280f0	14007b710	FUN_14007b710
1401253e0	out	14012810b	14007b710	FUN_14007b710
1401253e0	out	140128126	14007b710	FUN_14007b710
1401253e0	out	140128151	14007b710	FUN_14007b710
1401253e0	out	140128264	14007b710	FUN_14007b710
1401253e0	out	14012828f	14007b710	FUN_14007b710
1401253e0	out	1401282ba	14007b710	FUN_14007b710
1401253e0	out	1401282e5	14007b710	FUN_14007b710
1401253e0	out	140128310	14007b710	FUN_14007b710
1401253e0	out	14012833b	14007b710	FUN_14007b710
1401253e0	out	140128366	14007b710	FUN_14007b710
1401253e0	out	140128462	14007b710	FUN_14007b710
1401253e0	out	14012848d	14007b710	FUN_14007b710
1401253e0	out	1401284b8	14007b710	FUN_14007b710
1401253e0	out	1401285b1	14007b710	FUN_14007b710
1401253e0	out	1401285d9	14007b710	FUN_14007b710
1401253e0	out	140128632	140323cfc	_malloc_base
1401253e0	out	140128652	EXTERNAL:00000061	MessageBoxA
1401253e0	out	14012874c	140332d90	FUN_140332d90
1401253e0	out	14012878d	140184700	FUN_140184700
1401253e0	out	1401287bb	140001060	FUN_140001060
1401253e0	out	1401287e5	140079b00	FUN_140079b00
1401253e0	out	1401287ea	14006c420	FUN_14006c420
1401253e0	out	140128804	14018f230	FUN_14018f230
1401253e0	out	140128835	140184700	FUN_140184700
1401253e0	out	14012884b	14018a340	FUN_14018a340
1401253e0	out	1401288f7	140078a00	FUN_140078a00
1401253e0	in	140ea4bc0		
1401253e0	in	14054aefc		
1401253e0	in	14054af38		
1401253e0	in	1400bdd2a	1400bca30	state_14_replay_demo_gameplay_update_candidate
140128940	out	140128990	14012e8e0	FUN_14012e8e0
140128940	out	1401289f6	140332d90	FUN_140332d90
140128940	out	140128a25	14007b710	FUN_14007b710
140128940	out	140128a3e	14007b710	FUN_14007b710
140128940	out	140128a57	14007b710	FUN_14007b710
140128940	out	140128a73	14007b710	FUN_14007b710
140128940	out	140128a8f	14007b710	FUN_14007b710
140128940	out	140128aba	14007b710	FUN_14007b710
140128940	out	140128ad5	14007b710	FUN_14007b710
140128940	out	140128b00	14007b710	FUN_14007b710
140128940	out	140128b4b	14007b710	FUN_14007b710
140128940	out	140128c30	14007b710	FUN_14007b710
140128940	out	140128d15	14007b710	FUN_14007b710
140128940	out	140128d3d	14007b710	FUN_14007b710
140128940	out	140128dad	140078a00	FUN_140078a00
140128940	out	140128ef1	14007b710	FUN_14007b710
140128940	out	140128fd4	14007b710	FUN_14007b710
140128940	out	140128ffc	14007b710	FUN_14007b710
140128940	out	140129014	14007b710	FUN_14007b710
140128940	out	14012903f	14007b710	FUN_14007b710
140128940	out	14012906a	14007b710	FUN_14007b710
140128940	out	140129095	14007b710	FUN_14007b710
140128940	out	1401290c0	14007b710	FUN_14007b710
140128940	out	1401290eb	14007b710	FUN_14007b710
140128940	out	140129116	14007b710	FUN_14007b710
140128940	out	140129167	14007b710	FUN_14007b710
140128940	out	140129182	14007b710	FUN_14007b710
140128940	out	14012919d	14007b710	FUN_14007b710
140128940	out	1401291b8	14007b710	FUN_14007b710
140128940	out	1401291d3	14007b710	FUN_14007b710
140128940	out	1401291ee	14007b710	FUN_14007b710
140128940	out	140129255	140078a00	FUN_140078a00
140128940	out	1401293a1	14007b710	FUN_14007b710
140128940	out	1401294a9	14007b710	FUN_14007b710
140128940	out	1401294d1	14007b710	FUN_14007b710
140128940	out	14012951a	14007b710	FUN_14007b710
140128940	out	140129535	14007b710	FUN_14007b710
140128940	out	140129644	14007b710	FUN_14007b710
140128940	out	14012974a	14007b710	FUN_14007b710
140128940	out	140129850	14007b710	FUN_14007b710
140128940	out	1401298ae	140078a00	FUN_140078a00
140128940	out	140129975	14007b710	FUN_14007b710
140128940	out	140129990	14007b710	FUN_14007b710
140128940	out	1401299ab	14007b710	FUN_14007b710
140128940	out	1401299c6	14007b710	FUN_14007b710
140128940	out	1401299f1	14007b710	FUN_14007b710
140128940	out	140129a1c	14007b710	FUN_14007b710
140128940	out	140129a47	14007b710	FUN_14007b710
140128940	out	140129a62	14007b710	FUN_14007b710
140128940	out	140129a7d	14007b710	FUN_14007b710
140128940	out	140129aa8	14007b710	FUN_14007b710
140128940	out	140129ac3	14007b710	FUN_14007b710
140128940	out	140129ade	14007b710	FUN_14007b710
140128940	out	140129b06	14007b710	FUN_14007b710
140128940	out	140129b2e	14007b710	FUN_14007b710
140128940	out	140129c16	14007b710	FUN_14007b710
140128940	out	140129cfe	14007b710	FUN_14007b710
140128940	out	140129d55	140078a00	FUN_140078a00
140128940	out	140129e85	14007b710	FUN_14007b710
140128940	out	140129f6d	14007b710	FUN_14007b710
140128940	out	14012a055	14007b710	FUN_14007b710
140128940	out	14012a080	14007b710	FUN_14007b710
140128940	out	14012a15a	14007b710	FUN_14007b710
140128940	out	14012a185	14007b710	FUN_14007b710
140128940	out	14012a1b0	14007b710	FUN_14007b710
140128940	out	14012a28d	14007b710	FUN_14007b710
140128940	out	14012a2b8	14007b710	FUN_14007b710
140128940	out	14012a2e3	14007b710	FUN_14007b710
140128940	out	14012a30e	14007b710	FUN_14007b710
140128940	out	14012a3f9	14007b710	FUN_14007b710
140128940	out	14012a450	140078a00	FUN_140078a00
140128940	out	14012a576	14007b710	FUN_14007b710
140128940	out	14012a65c	14007b710	FUN_14007b710
140128940	out	14012a775	14007b710	FUN_14007b710
140128940	out	14012a885	14007b710	FUN_14007b710
140128940	out	14012a8b3	14007b710	FUN_14007b710
140128940	out	14012a8db	14007b710	FUN_14007b710
140128940	out	14012a903	14007b710	FUN_14007b710
140128940	out	14012a96d	140078a00	FUN_140078a00
140128940	out	14012aa9a	14007b710	FUN_14007b710
140128940	out	14012ab7f	14007b710	FUN_14007b710
140128940	out	14012ac8c	14007b710	FUN_14007b710
140128940	out	14012acc3	14007b710	FUN_14007b710
140128940	out	14012acf9	14007b710	FUN_14007b710
140128940	out	14012ad14	14007b710	FUN_14007b710
140128940	out	14012ad3f	14007b710	FUN_14007b710
140128940	out	14012ae94	140078a00	FUN_140078a00
140128940	out	14012aebf	14007b710	FUN_14007b710
140128940	out	14012aeea	14007b710	FUN_14007b710
140128940	out	14012af12	14007b710	FUN_14007b710
140128940	out	14012af6b	140323cfc	_malloc_base
140128940	out	14012af8b	EXTERNAL:00000061	MessageBoxA
140128940	out	14012b083	140332d90	FUN_140332d90
140128940	out	14012b0c4	140184700	FUN_140184700
140128940	out	14012b0f2	140001060	FUN_140001060
140128940	out	14012b11b	140079b00	FUN_140079b00
140128940	out	14012b120	14006c420	FUN_14006c420
140128940	out	14012b137	14018f230	FUN_14018f230
140128940	out	14012b168	140184700	FUN_140184700
140128940	out	14012b17e	14018a340	FUN_14018a340
140128940	out	14012b220	140078a00	FUN_140078a00
140128940	in	140ea4bfc		
140128940	in	14054af60		
140128940	in	14054afac		
140128940	in	1400bdd31	1400bca30	state_14_replay_demo_gameplay_update_candidate
14012b260	out	14012b2c0	140323cfc	_malloc_base
14012b260	out	14012b2e0	EXTERNAL:00000061	MessageBoxA
14012b260	out	14012b396	140001060	FUN_140001060
14012b260	out	14012b3d2	140184700	FUN_140184700
14012b260	out	14012b3e8	14018a340	FUN_14018a340
14012b260	out	14012b485	140078a00	FUN_140078a00
14012b260	out	14012b4f8	14007b710	FUN_14007b710
14012b260	out	14012b540	14007b710	FUN_14007b710
14012b260	out	14012b5b6	14007b710	FUN_14007b710
14012b260	out	14012b5fe	14007b710	FUN_14007b710
14012b260	out	14012b646	14007b710	FUN_14007b710
14012b260	out	14012b68e	14007b710	FUN_14007b710
14012b260	out	14012b776	14007b710	FUN_14007b710
14012b260	out	14012b79e	14007b710	FUN_14007b710
14012b260	out	14012b883	14007b710	FUN_14007b710
14012b260	out	14012b8cb	14007b710	FUN_14007b710
14012b260	out	14012b913	14007b710	FUN_14007b710
14012b260	out	14012b95b	14007b710	FUN_14007b710
14012b260	out	14012b9a3	14007b710	FUN_14007b710
14012b260	out	14012ba8e	14007b710	FUN_14007b710
14012b260	out	14012bab9	14007b710	FUN_14007b710
14012b260	out	14012bae4	14007b710	FUN_14007b710
14012b260	out	14012bb2c	14007b710	FUN_14007b710
14012b260	out	14012bb74	14007b710	FUN_14007b710
14012b260	out	14012bb9f	14007b710	FUN_14007b710
14012b260	out	14012bbca	14007b710	FUN_14007b710
14012b260	out	14012bca9	14007b710	FUN_14007b710
14012b260	out	14012bd89	14007b710	FUN_14007b710
14012b260	out	14012bdb1	14007b710	FUN_14007b710
14012b260	out	14012bdf9	14007b710	FUN_14007b710
14012b260	out	14012bedc	14007b710	FUN_14007b710
14012b260	out	14012bfba	14007b710	FUN_14007b710
14012b260	out	14012bfe5	14007b710	FUN_14007b710
14012b260	out	14012c010	14007b710	FUN_14007b710
14012b260	out	14012c038	14007b710	FUN_14007b710
14012b260	out	14012c050	14007b710	FUN_14007b710
14012b260	out	14012c068	14007b710	FUN_14007b710
14012b260	out	14012c080	14007b710	FUN_14007b710
14012b260	out	14012c16f	14007b710	FUN_14007b710
14012b260	out	14012c254	14007b710	FUN_14007b710
14012b260	out	14012c29c	14007b710	FUN_14007b710
14012b260	out	14012c2c4	14007b710	FUN_14007b710
14012b260	out	14012c309	14007b710	FUN_14007b710
14012b260	out	14012c3f7	14007b710	FUN_14007b710
14012b260	out	14012c422	14007b710	FUN_14007b710
14012b260	out	14012c44d	14007b710	FUN_14007b710
14012b260	out	14012c478	14007b710	FUN_14007b710
14012b260	out	14012c4a0	14007b710	FUN_14007b710
14012b260	out	14012c4c8	14007b710	FUN_14007b710
14012b260	out	14012c4f0	14007b710	FUN_14007b710
14012b260	out	14012c5e2	14007b710	FUN_14007b710
14012b260	out	14012c6d4	14007b710	FUN_14007b710
14012b260	out	14012c7b7	14007b710	FUN_14007b710
14012b260	out	14012c896	14007b710	FUN_14007b710
14012b260	out	14012c8c1	14007b710	FUN_14007b710
14012b260	out	14012c8ec	14007b710	FUN_14007b710
14012b260	out	14012c917	14007b710	FUN_14007b710
14012b260	out	14012c95f	14007b710	FUN_14007b710
14012b260	out	14012c9a7	14007b710	FUN_14007b710
14012b260	out	14012c9ef	14007b710	FUN_14007b710
14012b260	out	14012ca34	14007b710	FUN_14007b710
14012b260	out	14012ca5f	14007b710	FUN_14007b710
14012b260	out	14012ca8a	14007b710	FUN_14007b710
14012b260	out	14012cb6f	14007b710	FUN_14007b710
14012b260	out	14012cb9a	14007b710	FUN_14007b710
14012b260	out	14012cc92	14007b710	FUN_14007b710
14012b260	out	14012cd7d	14007b710	FUN_14007b710
14012b260	out	14012cda5	14007b710	FUN_14007b710
14012b260	out	14012cdcd	14007b710	FUN_14007b710
14012b260	out	14012ce0b	14007b710	FUN_14007b710
14012b260	out	14012ce23	14007b710	FUN_14007b710
14012b260	out	14012ce3b	14007b710	FUN_14007b710
14012b260	out	14012ce53	14007b710	FUN_14007b710
14012b260	out	14012ce6b	14007b710	FUN_14007b710
14012b260	out	14012ce83	14007b710	FUN_14007b710
14012b260	out	14012ceab	14007b710	FUN_14007b710
14012b260	in	140ea4c44		
14012b260	in	14054afc0		
14012b260	in	14054b018		
14012b260	in	1400bdd38	1400bca30	state_14_replay_demo_gameplay_update_candidate
